Name,ShortName
中国,中国
北京,北京
北京市,北京
东城区,东城
西城区,西城
朝阳区,朝阳
丰台区,丰台
石景山区,石景山
海淀区,海淀
门头沟区,门头沟
房山区,房山
通州区,通州
顺义区,顺义
昌平区,昌平
大兴区,大兴
怀柔区,怀柔
平谷区,平谷
密云县,密云
延庆县,延庆
天津,天津
天津市,天津
和平区,和平
河东区,河东
河西区,河西
南开区,南开
河北区,河北
红桥区,红桥
东丽区,东丽
西青区,西青
津南区,津南
北辰区,北辰
武清区,武清
宝坻区,宝坻
滨海新区,滨海新区
宁河县,宁河
静海县,静海
蓟县,蓟县
河北省,河北
石家庄市,石家庄
长安区,长安
桥西区,桥西
新华区,新华
井陉矿区,井陉矿区
裕华区,裕华
藁城区,藁城
鹿泉区,鹿泉
栾城区,栾城
井陉县,井陉
正定县,正定
行唐县,行唐
灵寿县,灵寿
高邑县,高邑
深泽县,深泽
赞皇县,赞皇
无极县,无极
平山县,平山
元氏县,元氏
赵县,赵县
辛集市,辛集
晋州市,晋州
新乐市,新乐
唐山市,唐山
路南区,路南
路北区,路北
古冶区,古冶
开平区,开平
丰南区,丰南
丰润区,丰润
曹妃甸区,曹妃甸
滦县,滦县
滦南县,滦南
乐亭县,乐亭
迁西县,迁西
玉田县,玉田
遵化市,遵化
迁安市,迁安
秦皇岛市,秦皇岛
海港区,海港
山海关区,山海关
北戴河区,北戴河
青龙满族自治县,青龙
昌黎县,昌黎
抚宁县,抚宁
卢龙县,卢龙
邯郸市,邯郸
邯山区,邯山
丛台区,丛台
复兴区,复兴
峰峰矿区,峰峰矿区
邯郸县,邯郸
临漳县,临漳
成安县,成安
大名县,大名
涉县,涉县
磁县,磁县
肥乡县,肥乡
永年县,永年
邱县,邱县
鸡泽县,鸡泽
广平县,广平
馆陶县,馆陶
魏县,魏县
曲周县,曲周
武安市,武安
邢台市,邢台
桥东区,桥东
桥西区,桥西
邢台县,邢台
临城县,临城
内丘县,内丘
柏乡县,柏乡
隆尧县,隆尧
任县,任县
南和县,南和
宁晋县,宁晋
巨鹿县,巨鹿
新河县,新河
广宗县,广宗
平乡县,平乡
威县,威县
清河县,清河
临西县,临西
南宫市,南宫
沙河市,沙河
保定市,保定
新市区,新市
北市区,北市
南市区,南市
满城县,满城
清苑县,清苑
涞水县,涞水
阜平县,阜平
徐水县,徐水
定兴县,定兴
唐县,唐县
高阳县,高阳
容城县,容城
涞源县,涞源
望都县,望都
安新县,安新
易县,易县
曲阳县,曲阳
蠡县,蠡县
顺平县,顺平
博野县,博野
雄县,雄县
涿州市,涿州
定州市,定州
安国市,安国
高碑店市,高碑店
张家口市,张家口
桥东区,桥东
桥西区,桥西
宣化区,宣化
下花园区,下花园
宣化县,宣化
张北县,张北
康保县,康保
沽源县,沽源
尚义县,尚义
蔚县,蔚县
阳原县,阳原
怀安县,怀安
万全县,万全
怀来县,怀来
涿鹿县,涿鹿
赤城县,赤城
崇礼县,崇礼
承德市,承德
双桥区,双桥
双滦区,双滦
鹰手营子矿区,鹰手营子矿区
承德县,承德
兴隆县,兴隆
平泉县,平泉
滦平县,滦平
隆化县,隆化
丰宁满族自治县,丰宁
宽城满族自治县,宽城
围场满族蒙古族自治县,围场
沧州市,沧州
新华区,新华
运河区,运河
沧县,沧县
青县,青县
东光县,东光
海兴县,海兴
盐山县,盐山
肃宁县,肃宁
南皮县,南皮
吴桥县,吴桥
献县,献县
孟村回族自治县,孟村
泊头市,泊头
任丘市,任丘
黄骅市,黄骅
河间市,河间
廊坊市,廊坊
安次区,安次
广阳区,广阳
固安县,固安
永清县,永清
香河县,香河
大城县,大城
文安县,文安
大厂回族自治县,大厂
霸州市,霸州
三河市,三河
衡水市,衡水
桃城区,桃城
枣强县,枣强
武邑县,武邑
武强县,武强
饶阳县,饶阳
安平县,安平
故城县,故城
景县,景县
阜城县,阜城
冀州市,冀州
深州市,深州
山西省,山西
太原市,太原
小店区,小店
迎泽区,迎泽
杏花岭区,杏花岭
尖草坪区,尖草坪
万柏林区,万柏林
晋源区,晋源
清徐县,清徐
阳曲县,阳曲
娄烦县,娄烦
古交市,古交
大同市,大同
城区,城区
矿区,矿区
南郊区,南郊
新荣区,新荣
阳高县,阳高
天镇县,天镇
广灵县,广灵
灵丘县,灵丘
浑源县,浑源
左云县,左云
大同县,大同
阳泉市,阳泉
城区,城区
矿区,矿区
郊区,郊区
平定县,平定
盂县,盂县
长治市,长治
城区,城区
郊区,郊区
长治县,长治
襄垣县,襄垣
屯留县,屯留
平顺县,平顺
黎城县,黎城
壶关县,壶关
长子县,长子
武乡县,武乡
沁县,沁县
沁源县,沁源
潞城市,潞城
晋城市,晋城
城区,城区
沁水县,沁水
阳城县,阳城
陵川县,陵川
泽州县,泽州
高平市,高平
朔州市,朔州
朔城区,朔城
平鲁区,平鲁
山阴县,山阴
应县,应县
右玉县,右玉
怀仁县,怀仁
晋中市,晋中
榆次区,榆次
榆社县,榆社
左权县,左权
和顺县,和顺
昔阳县,昔阳
寿阳县,寿阳
太谷县,太谷
祁县,祁县
平遥县,平遥
灵石县,灵石
介休市,介休
运城市,运城
盐湖区,盐湖
临猗县,临猗
万荣县,万荣
闻喜县,闻喜
稷山县,稷山
新绛县,新绛
绛县,绛县
垣曲县,垣曲
夏县,夏县
平陆县,平陆
芮城县,芮城
永济市,永济
河津市,河津
忻州市,忻州
忻府区,忻府
定襄县,定襄
五台县,五台
代县,代县
繁峙县,繁峙
宁武县,宁武
静乐县,静乐
神池县,神池
五寨县,五寨
岢岚县,岢岚
河曲县,河曲
保德县,保德
偏关县,偏关
原平市,原平
临汾市,临汾
尧都区,尧都
曲沃县,曲沃
翼城县,翼城
襄汾县,襄汾
洪洞县,洪洞
古县,古县
安泽县,安泽
浮山县,浮山
吉县,吉县
乡宁县,乡宁
大宁县,大宁
隰县,隰县
永和县,永和
蒲县,蒲县
汾西县,汾西
侯马市,侯马
霍州市,霍州
吕梁市,吕梁
离石区,离石
文水县,文水
交城县,交城
兴县,兴县
临县,临县
柳林县,柳林
石楼县,石楼
岚县,岚县
方山县,方山
中阳县,中阳
交口县,交口
孝义市,孝义
汾阳市,汾阳
内蒙古自治区,内蒙古
呼和浩特市,呼和浩特
新城区,新城
回民区,回民
玉泉区,玉泉
赛罕区,赛罕
土默特左旗,土默特左旗
托克托县,托克托
和林格尔县,和林格尔
清水河县,清水河
武川县,武川
包头市,包头
东河区,东河
昆都仑区,昆都仑
青山区,青山
石拐区,石拐
白云鄂博矿区,白云鄂博矿区
九原区,九原
土默特右旗,土默特右旗
固阳县,固阳
达尔罕茂明安联合旗,达茂旗
乌海市,乌海
海勃湾区,海勃湾
海南区,海南
乌达区,乌达
赤峰市,赤峰
红山区,红山
元宝山区,元宝山
松山区,松山
阿鲁科尔沁旗,阿鲁科尔沁旗
巴林左旗,巴林左旗
巴林右旗,巴林右旗
林西县,林西
克什克腾旗,克什克腾旗
翁牛特旗,翁牛特旗
喀喇沁旗,喀喇沁旗
宁城县,宁城
敖汉旗,敖汉旗
通辽市,通辽
科尔沁区,科尔沁
科尔沁左翼中旗,科尔沁左翼中旗
科尔沁左翼后旗,科尔沁左翼后旗
开鲁县,开鲁
库伦旗,库伦旗
奈曼旗,奈曼旗
扎鲁特旗,扎鲁特旗
霍林郭勒市,霍林郭勒
鄂尔多斯市,鄂尔多斯
东胜区,东胜
达拉特旗,达拉特旗
准格尔旗,准格尔旗
鄂托克前旗,鄂托克前旗
鄂托克旗,鄂托克旗
杭锦旗,杭锦旗
乌审旗,乌审旗
伊金霍洛旗,伊金霍洛旗
呼伦贝尔市,呼伦贝尔
海拉尔区,海拉尔
扎赉诺尔区,扎赉诺尔
阿荣旗,阿荣旗
莫力达瓦达斡尔族自治旗,莫旗
鄂伦春自治旗,鄂伦春
鄂温克族自治旗,鄂温
陈巴尔虎旗,陈巴尔虎旗
新巴尔虎左旗,新巴尔虎左旗
新巴尔虎右旗,新巴尔虎右旗
满洲里市,满洲里
牙克石市,牙克石
扎兰屯市,扎兰屯
额尔古纳市,额尔古纳
根河市,根河
巴彦淖尔市,巴彦淖尔
临河区,临河
五原县,五原
磴口县,磴口
乌拉特前旗,乌拉特前旗
乌拉特中旗,乌拉特中旗
乌拉特后旗,乌拉特后旗
杭锦后旗,杭锦后旗
乌兰察布市,乌兰察布
集宁区,集宁
卓资县,卓资
化德县,化德
商都县,商都
兴和县,兴和
凉城县,凉城
察哈尔右翼前旗,察右前旗
察哈尔右翼中旗,察右中旗
察哈尔右翼后旗,察右后旗
四子王旗,四子王旗
丰镇市,丰镇
兴安盟,兴安盟
乌兰浩特市,乌兰浩特
阿尔山市,阿尔山
科尔沁右翼前旗,科右前旗
科尔沁右翼中旗,科右中旗
扎赉特旗,扎赉特旗
突泉县,突泉
锡林郭勒盟,锡林郭勒盟
二连浩特市,二连浩特
锡林浩特市,锡林浩特
阿巴嘎旗,阿巴嘎旗
苏尼特左旗,苏尼特左旗
苏尼特右旗,苏尼特右旗
东乌珠穆沁旗,东乌旗
西乌珠穆沁旗,西乌旗
太仆寺旗,太仆寺旗
镶黄旗,镶黄旗
正镶白旗,正镶白旗
正蓝旗,正蓝旗
多伦县,多伦
阿拉善盟,阿拉善盟
阿拉善左旗,阿拉善左旗
阿拉善右旗,阿拉善右旗
额济纳旗,额济纳旗
辽宁省,辽宁
沈阳市,沈阳
和平区,和平
沈河区,沈河
大东区,大东
皇姑区,皇姑
铁西区,铁西
苏家屯区,苏家屯
浑南区,浑南
沈北新区,沈北新区
于洪区,于洪
辽中县,辽中
康平县,康平
法库县,法库
新民市,新民
大连市,大连
中山区,中山
西岗区,西岗
沙河口区,沙河口
甘井子区,甘井子
旅顺口区,旅顺口
金州区,金州
长海县,长海
瓦房店市,瓦房店
普兰店市,普兰店
庄河市,庄河
鞍山市,鞍山
铁东区,铁东
铁西区,铁西
立山区,立山
千山区,千山
台安县,台安
岫岩满族自治县,岫岩
海城市,海城
抚顺市,抚顺
新抚区,新抚
东洲区,东洲
望花区,望花
顺城区,顺城
抚顺县,抚顺
新宾满族自治县,新宾
清原满族自治县,清原
本溪市,本溪
平山区,平山
溪湖区,溪湖
明山区,明山
南芬区,南芬
本溪满族自治县,本溪
桓仁满族自治县,桓仁
丹东市,丹东
元宝区,元宝
振兴区,振兴
振安区,振安
宽甸满族自治县,宽甸
东港市,东港
凤城市,凤城
锦州市,锦州
古塔区,古塔
凌河区,凌河
太和区,太和
黑山县,黑山
义县,义县
凌海市,凌海
北镇市,北镇
营口市,营口
站前区,站前
西市区,西市
鲅鱼圈区,鲅鱼圈
老边区,老边
盖州市,盖州
大石桥市,大石桥
阜新市,阜新
海州区,海州
新邱区,新邱
太平区,太平
清河门区,清河门
细河区,细河
阜新蒙古族自治县,阜新
彰武县,彰武
辽阳市,辽阳
白塔区,白塔
文圣区,文圣
宏伟区,宏伟
弓长岭区,弓长岭
太子河区,太子河
辽阳县,辽阳
灯塔市,灯塔
盘锦市,盘锦
双台子区,双台子
兴隆台区,兴隆台
大洼县,大洼
盘山县,盘山
铁岭市,铁岭
银州区,银州
清河区,清河
铁岭县,铁岭
西丰县,西丰
昌图县,昌图
调兵山市,调兵山
开原市,开原
朝阳市,朝阳
双塔区,双塔
龙城区,龙城
朝阳县,朝阳
建平县,建平
喀喇沁左翼蒙古族自治县,喀喇沁左翼
北票市,北票
凌源市,凌源
葫芦岛市,葫芦岛
连山区,连山
龙港区,龙港
南票区,南票
绥中县,绥中
建昌县,建昌
兴城市,兴城
金普新区,金普新区
金州新区,金州新区
普湾新区,普湾新区
保税区,保税区
吉林省,吉林
长春市,长春
南关区,南关
宽城区,宽城
朝阳区,朝阳
二道区,二道
绿园区,绿园
双阳区,双阳
九台区,九台
农安县,农安
榆树市,榆树
德惠市,德惠
吉林市,吉林
昌邑区,昌邑
龙潭区,龙潭
船营区,船营
丰满区,丰满
永吉县,永吉
蛟河市,蛟河
桦甸市,桦甸
舒兰市,舒兰
磐石市,磐石
四平市,四平
铁西区,铁西
铁东区,铁东
梨树县,梨树
伊通满族自治县,伊通
公主岭市,公主岭
双辽市,双辽
辽源市,辽源
龙山区,龙山
西安区,西安
东丰县,东丰
东辽县,东辽
通化市,通化
东昌区,东昌
二道江区,二道江
通化县,通化
辉南县,辉南
柳河县,柳河
梅河口市,梅河口
集安市,集安
白山市,白山
浑江区,浑江
江源区,江源
抚松县,抚松
靖宇县,靖宇
长白朝鲜族自治县,长白
临江市,临江
松原市,松原
宁江区,宁江
前郭尔罗斯蒙古族自治县,前郭尔罗斯
长岭县,长岭
乾安县,乾安
扶余市,扶余
白城市,白城
洮北区,洮北
镇赉县,镇赉
通榆县,通榆
洮南市,洮南
大安市,大安
延边朝鲜族自治州,延边
延吉市,延吉
图们市,图们
敦化市,敦化
珲春市,珲春
龙井市,龙井
和龙市,和龙
汪清县,汪清
安图县,安图
黑龙江省,黑龙江
哈尔滨市,哈尔滨
道里区,道里
南岗区,南岗
道外区,道外
平房区,平房
松北区,松北
香坊区,香坊
呼兰区,呼兰
阿城区,阿城
双城区,双城
依兰县,依兰
方正县,方正
宾县,宾县
巴彦县,巴彦
木兰县,木兰
通河县,通河
延寿县,延寿
尚志市,尚志
五常市,五常
齐齐哈尔市,齐齐哈尔
龙沙区,龙沙
建华区,建华
铁锋区,铁锋
昂昂溪区,昂昂溪
富拉尔基区,富拉尔基
碾子山区,碾子山
梅里斯达斡尔族区,梅里斯
龙江县,龙江
依安县,依安
泰来县,泰来
甘南县,甘南
富裕县,富裕
克山县,克山
克东县,克东
拜泉县,拜泉
讷河市,讷河
鸡西市,鸡西
鸡冠区,鸡冠
恒山区,恒山
滴道区,滴道
梨树区,梨树
城子河区,城子河
麻山区,麻山
鸡东县,鸡东
虎林市,虎林
密山市,密山
鹤岗市,鹤岗
向阳区,向阳
工农区,工农
南山区,南山
兴安区,兴安
东山区,东山
兴山区,兴山
萝北县,萝北
绥滨县,绥滨
双鸭山市,双鸭山
尖山区,尖山
岭东区,岭东
四方台区,四方台
宝山区,宝山
集贤县,集贤
友谊县,友谊
宝清县,宝清
饶河县,饶河
大庆市,大庆
萨尔图区,萨尔图
龙凤区,龙凤
让胡路区,让胡路
红岗区,红岗
大同区,大同
肇州县,肇州
肇源县,肇源
林甸县,林甸
杜尔伯特蒙古族自治县,杜尔伯特
伊春市,伊春
伊春区,伊春
南岔区,南岔
友好区,友好
西林区,西林
翠峦区,翠峦
新青区,新青
美溪区,美溪
金山屯区,金山屯
五营区,五营
乌马河区,乌马河
汤旺河区,汤旺河
带岭区,带岭
乌伊岭区,乌伊岭
红星区,红星
上甘岭区,上甘岭
嘉荫县,嘉荫
铁力市,铁力
佳木斯市,佳木斯
向阳区,向阳
前进区,前进
东风区,东风
郊区,郊区
桦南县,桦南
桦川县,桦川
汤原县,汤原
抚远县,抚远
同江市,同江
富锦市,富锦
七台河市,七台河
新兴区,新兴
桃山区,桃山
茄子河区,茄子河
勃利县,勃利
牡丹江市,牡丹江
东安区,东安
阳明区,阳明
爱民区,爱民
西安区,西安
东宁县,东宁
林口县,林口
绥芬河市,绥芬河
海林市,海林
宁安市,宁安
穆棱市,穆棱
黑河市,黑河
爱辉区,爱辉
嫩江县,嫩江
逊克县,逊克
孙吴县,孙吴
北安市,北安
五大连池市,五大连池
绥化市,绥化
北林区,北林
望奎县,望奎
兰西县,兰西
青冈县,青冈
庆安县,庆安
明水县,明水
绥棱县,绥棱
安达市,安达
肇东市,肇东
海伦市,海伦
大兴安岭地区,大兴安岭
加格达奇区,加格达奇
新林区,新林
松岭区,松岭
呼中区,呼中
呼玛县,呼玛
塔河县,塔河
漠河县,漠河
上海,上海
上海市,上海
黄浦区,黄浦
徐汇区,徐汇
长宁区,长宁
静安区,静安
普陀区,普陀
闸北区,闸北
虹口区,虹口
杨浦区,杨浦
闵行区,闵行
宝山区,宝山
嘉定区,嘉定
浦东新区,浦东
金山区,金山
松江区,松江
青浦区,青浦
奉贤区,奉贤
崇明县,崇明
江苏省,江苏
南京市,南京
玄武区,玄武
秦淮区,秦淮
建邺区,建邺
鼓楼区,鼓楼
浦口区,浦口
栖霞区,栖霞
雨花台区,雨花台
江宁区,江宁
六合区,六合
溧水区,溧水
高淳区,高淳
无锡市,无锡
崇安区,崇安
南长区,南长
北塘区,北塘
锡山区,锡山
惠山区,惠山
滨湖区,滨湖
江阴市,江阴
宜兴市,宜兴
徐州市,徐州
鼓楼区,鼓楼
云龙区,云龙
贾汪区,贾汪
泉山区,泉山
铜山区,铜山
丰县,丰县
沛县,沛县
睢宁县,睢宁
新沂市,新沂
邳州市,邳州
常州市,常州
天宁区,天宁
钟楼区,钟楼
戚墅堰区,戚墅堰
新北区,新北
武进区,武进
溧阳市,溧阳
金坛市,金坛
苏州市,苏州
虎丘区,虎丘
吴中区,吴中
相城区,相城
姑苏区,姑苏
吴江区,吴江
常熟市,常熟
张家港市,张家港
昆山市,昆山
太仓市,太仓
南通市,南通
崇川区,崇川
港闸区,港闸
通州区,通州
海安县,海安
如东县,如东
启东市,启东
如皋市,如皋
海门市,海门
连云港市,连云港
连云区,连云
海州区,海州
赣榆区,赣榆
东海县,东海
灌云县,灌云
灌南县,灌南
淮安市,淮安
清河区,清河
淮安区,淮安
淮阴区,淮阴
清浦区,清浦
涟水县,涟水
洪泽县,洪泽
盱眙县,盱眙
金湖县,金湖
盐城市,盐城
亭湖区,亭湖
盐都区,盐都
响水县,响水
滨海县,滨海
阜宁县,阜宁
射阳县,射阳
建湖县,建湖
东台市,东台
大丰市,大丰
扬州市,扬州
广陵区,广陵
邗江区,邗江
江都区,江都
宝应县,宝应
仪征市,仪征
高邮市,高邮
镇江市,镇江
京口区,京口
润州区,润州
丹徒区,丹徒
丹阳市,丹阳
扬中市,扬中
句容市,句容
泰州市,泰州
海陵区,海陵
高港区,高港
姜堰区,姜堰
兴化市,兴化
靖江市,靖江
泰兴市,泰兴
宿迁市,宿迁
宿城区,宿城
宿豫区,宿豫
沭阳县,沭阳
泗阳县,泗阳
泗洪县,泗洪
浙江省,浙江
杭州市,杭州
上城区,上城
下城区,下城
江干区,江干
拱墅区,拱墅
西湖区,西湖
滨江区,滨江
萧山区,萧山
余杭区,余杭
桐庐县,桐庐
淳安县,淳安
建德市,建德
富阳区,富阳
临安市,临安
宁波市,宁波
海曙区,海曙
江东区,江东
江北区,江北
北仑区,北仑
镇海区,镇海
鄞州区,鄞州
象山县,象山
宁海县,宁海
余姚市,余姚
慈溪市,慈溪
奉化市,奉化
温州市,温州
鹿城区,鹿城
龙湾区,龙湾
瓯海区,瓯海
洞头县,洞头
永嘉县,永嘉
平阳县,平阳
苍南县,苍南
文成县,文成
泰顺县,泰顺
瑞安市,瑞安
乐清市,乐清
嘉兴市,嘉兴
南湖区,南湖
秀洲区,秀洲
嘉善县,嘉善
海盐县,海盐
海宁市,海宁
平湖市,平湖
桐乡市,桐乡
湖州市,湖州
吴兴区,吴兴
南浔区,南浔
德清县,德清
长兴县,长兴
安吉县,安吉
绍兴市,绍兴
越城区,越城
柯桥区,柯桥
上虞区,上虞
新昌县,新昌
诸暨市,诸暨
嵊州市,嵊州
金华市,金华
婺城区,婺城
金东区,金东
武义县,武义
浦江县,浦江
磐安县,磐安
兰溪市,兰溪
义乌市,义乌
东阳市,东阳
永康市,永康
衢州市,衢州
柯城区,柯城
衢江区,衢江
常山县,常山
开化县,开化
龙游县,龙游
江山市,江山
舟山市,舟山
定海区,定海
普陀区,普陀
岱山县,岱山
嵊泗县,嵊泗
台州市,台州
椒江区,椒江
黄岩区,黄岩
路桥区,路桥
玉环县,玉环
三门县,三门
天台县,天台
仙居县,仙居
温岭市,温岭
临海市,临海
丽水市,丽水
莲都区,莲都
青田县,青田
缙云县,缙云
遂昌县,遂昌
松阳县,松阳
云和县,云和
庆元县,庆元
景宁畲族自治县,景宁
龙泉市,龙泉
舟山群岛新区,舟山新区
金塘岛,金塘
六横岛,六横
衢山岛,衢山
舟山本岛西北部,舟山
岱山岛西南部,岱山
泗礁岛,泗礁
朱家尖岛,朱家尖
洋山岛,洋山
长涂岛,长涂
虾峙岛,虾峙
安徽省,安徽
合肥市,合肥
瑶海区,瑶海
庐阳区,庐阳
蜀山区,蜀山
包河区,包河
长丰县,长丰
肥东县,肥东
肥西县,肥西
庐江县,庐江
巢湖市,巢湖
芜湖市,芜湖
镜湖区,镜湖
弋江区,弋江
鸠江区,鸠江
三山区,三山
芜湖县,芜湖
繁昌县,繁昌
南陵县,南陵
无为县,无为
蚌埠市,蚌埠
龙子湖区,龙子湖
蚌山区,蚌山
禹会区,禹会
淮上区,淮上
怀远县,怀远
五河县,五河
固镇县,固镇
淮南市,淮南
大通区,大通
田家庵区,田家庵
谢家集区,谢家集
八公山区,八公山
潘集区,潘集
凤台县,凤台
马鞍山市,马鞍山
花山区,花山
雨山区,雨山
博望区,博望
当涂县,当涂
含山县,含山
和县,和县
淮北市,淮北
杜集区,杜集
相山区,相山
烈山区,烈山
濉溪县,濉溪
铜陵市,铜陵
铜官山区,铜官山
狮子山区,狮子山
郊区,郊区
铜陵县,铜陵
安庆市,安庆
迎江区,迎江
大观区,大观
宜秀区,宜秀
怀宁县,怀宁
枞阳县,枞阳
潜山县,潜山
太湖县,太湖
宿松县,宿松
望江县,望江
岳西县,岳西
桐城市,桐城
黄山市,黄山
屯溪区,屯溪
黄山区,黄山
徽州区,徽州
歙县,歙县
休宁县,休宁
黟县,黟县
祁门县,祁门
滁州市,滁州
琅琊区,琅琊
南谯区,南谯
来安县,来安
全椒县,全椒
定远县,定远
凤阳县,凤阳
天长市,天长
明光市,明光
阜阳市,阜阳
颍州区,颍州
颍东区,颍东
颍泉区,颍泉
临泉县,临泉
太和县,太和
阜南县,阜南
颍上县,颍上
界首市,界首
宿州市,宿州
埇桥区,埇桥
砀山县,砀山
萧县,萧县
灵璧县,灵璧
泗县,泗县
六安市,六安
金安区,金安
裕安区,裕安
寿县,寿县
霍邱县,霍邱
舒城县,舒城
金寨县,金寨
霍山县,霍山
亳州市,亳州
谯城区,谯城
涡阳县,涡阳
蒙城县,蒙城
利辛县,利辛
池州市,池州
贵池区,贵池
东至县,东至
石台县,石台
青阳县,青阳
宣城市,宣城
宣州区,宣州
郎溪县,郎溪
广德县,广德
泾县,泾县
绩溪县,绩溪
旌德县,旌德
宁国市,宁国
福建省,福建
福州市,福州
鼓楼区,鼓楼
台江区,台江
仓山区,仓山
马尾区,马尾
晋安区,晋安
闽侯县,闽侯
连江县,连江
罗源县,罗源
闽清县,闽清
永泰县,永泰
平潭县,平潭
福清市,福清
长乐市,长乐
厦门市,厦门
思明区,思明
海沧区,海沧
湖里区,湖里
集美区,集美
同安区,同安
翔安区,翔安
莆田市,莆田
城厢区,城厢
涵江区,涵江
荔城区,荔城
秀屿区,秀屿
仙游县,仙游
三明市,三明
梅列区,梅列
三元区,三元
明溪县,明溪
清流县,清流
宁化县,宁化
大田县,大田
尤溪县,尤溪
沙县,沙县
将乐县,将乐
泰宁县,泰宁
建宁县,建宁
永安市,永安
泉州市,泉州
鲤城区,鲤城
丰泽区,丰泽
洛江区,洛江
泉港区,泉港
惠安县,惠安
安溪县,安溪
永春县,永春
德化县,德化
金门县,金门
石狮市,石狮
晋江市,晋江
南安市,南安
漳州市,漳州
芗城区,芗城
龙文区,龙文
云霄县,云霄
漳浦县,漳浦
诏安县,诏安
长泰县,长泰
东山县,东山
南靖县,南靖
平和县,平和
华安县,华安
龙海市,龙海
南平市,南平
延平区,延平
建阳区,建阳
顺昌县,顺昌
浦城县,浦城
光泽县,光泽
松溪县,松溪
政和县,政和
邵武市,邵武
武夷山市,武夷山
建瓯市,建瓯
龙岩市,龙岩
新罗区,新罗
长汀县,长汀
永定区,永定
上杭县,上杭
武平县,武平
连城县,连城
漳平市,漳平
宁德市,宁德
蕉城区,蕉城
霞浦县,霞浦
古田县,古田
屏南县,屏南
寿宁县,寿宁
周宁县,周宁
柘荣县,柘荣
福安市,福安
福鼎市,福鼎
江西省,江西
南昌市,南昌
东湖区,东湖
西湖区,西湖
青云谱区,青云谱
湾里区,湾里
青山湖区,青山湖
南昌县,南昌
新建县,新建
安义县,安义
进贤县,进贤
景德镇市,景德镇
昌江区,昌江
珠山区,珠山
浮梁县,浮梁
乐平市,乐平
萍乡市,萍乡
安源区,安源
湘东区,湘东
莲花县,莲花
上栗县,上栗
芦溪县,芦溪
九江市,九江
庐山区,庐山
浔阳区,浔阳
九江县,九江
武宁县,武宁
修水县,修水
永修县,永修
德安县,德安
星子县,星子
都昌县,都昌
湖口县,湖口
彭泽县,彭泽
瑞昌市,瑞昌
共青城市,共青城
新余市,新余
渝水区,渝水
分宜县,分宜
鹰潭市,鹰潭
月湖区,月湖
余江县,余江
贵溪市,贵溪
赣州市,赣州
章贡区,章贡
南康区,南康
赣县,赣县
信丰县,信丰
大余县,大余
上犹县,上犹
崇义县,崇义
安远县,安远
龙南县,龙南
定南县,定南
全南县,全南
宁都县,宁都
于都县,于都
兴国县,兴国
会昌县,会昌
寻乌县,寻乌
石城县,石城
瑞金市,瑞金
吉安市,吉安
吉州区,吉州
青原区,青原
吉安县,吉安
吉水县,吉水
峡江县,峡江
新干县,新干
永丰县,永丰
泰和县,泰和
遂川县,遂川
万安县,万安
安福县,安福
永新县,永新
井冈山市,井冈山
宜春市,宜春
袁州区,袁州
奉新县,奉新
万载县,万载
上高县,上高
宜丰县,宜丰
靖安县,靖安
铜鼓县,铜鼓
丰城市,丰城
樟树市,樟树
高安市,高安
抚州市,抚州
临川区,临川
南城县,南城
黎川县,黎川
南丰县,南丰
崇仁县,崇仁
乐安县,乐安
宜黄县,宜黄
金溪县,金溪
资溪县,资溪
东乡县,东乡
广昌县,广昌
上饶市,上饶
信州区,信州
上饶县,上饶
广丰县,广丰
玉山县,玉山
铅山县,铅山
横峰县,横峰
弋阳县,弋阳
余干县,余干
鄱阳县,鄱阳
万年县,万年
婺源县,婺源
德兴市,德兴
山东省,山东
济南市,济南
历下区,历下
市中区,市中区
槐荫区,槐荫
天桥区,天桥
历城区,历城
长清区,长清
平阴县,平阴
济阳县,济阳
商河县,商河
章丘市,章丘
青岛市,青岛
市南区,市南
市北区,市北
黄岛区,黄岛
崂山区,崂山
李沧区,李沧
城阳区,城阳
胶州市,胶州
即墨市,即墨
平度市,平度
莱西市,莱西
西海岸新区,西海岸
淄博市,淄博
淄川区,淄川
张店区,张店
博山区,博山
临淄区,临淄
周村区,周村
桓台县,桓台
高青县,高青
沂源县,沂源
枣庄市,枣庄
市中区,市中区
薛城区,薛城
峄城区,峄城
台儿庄区,台儿庄
山亭区,山亭
滕州市,滕州
东营市,东营
东营区,东营
河口区,河口
垦利县,垦利
利津县,利津
广饶县,广饶
烟台市,烟台
芝罘区,芝罘
福山区,福山
牟平区,牟平
莱山区,莱山
长岛县,长岛
龙口市,龙口
莱阳市,莱阳
莱州市,莱州
蓬莱市,蓬莱
招远市,招远
栖霞市,栖霞
海阳市,海阳
潍坊市,潍坊
潍城区,潍城
寒亭区,寒亭
坊子区,坊子
奎文区,奎文
临朐县,临朐
昌乐县,昌乐
青州市,青州
诸城市,诸城
寿光市,寿光
安丘市,安丘
高密市,高密
昌邑市,昌邑
济宁市,济宁
任城区,任城
兖州区,兖州
微山县,微山
鱼台县,鱼台
金乡县,金乡
嘉祥县,嘉祥
汶上县,汶上
泗水县,泗水
梁山县,梁山
曲阜市,曲阜
邹城市,邹城
泰安市,泰安
泰山区,泰山
岱岳区,岱岳
宁阳县,宁阳
东平县,东平
新泰市,新泰
肥城市,肥城
威海市,威海
环翠区,环翠
文登区,文登
荣成市,荣成
乳山市,乳山
日照市,日照
东港区,东港
岚山区,岚山
五莲县,五莲
莒县,莒县
莱芜市,莱芜
莱城区,莱城
钢城区,钢城
临沂市,临沂
兰山区,兰山
罗庄区,罗庄
河东区,河东
沂南县,沂南
郯城县,郯城
沂水县,沂水
兰陵县,兰陵
费县,费县
平邑县,平邑
莒南县,莒南
蒙阴县,蒙阴
临沭县,临沭
德州市,德州
德城区,德城
陵城区,陵城
宁津县,宁津
庆云县,庆云
临邑县,临邑
齐河县,齐河
平原县,平原
夏津县,夏津
武城县,武城
乐陵市,乐陵
禹城市,禹城
聊城市,聊城
东昌府区,东昌府
阳谷县,阳谷
莘县,莘县
茌平县,茌平
东阿县,东阿
冠县,冠县
高唐县,高唐
临清市,临清
滨州市,滨州
滨城区,滨城
沾化区,沾化
惠民县,惠民
阳信县,阳信
无棣县,无棣
博兴县,博兴
邹平县,邹平
北海新区,北海新区
菏泽市,菏泽
牡丹区,牡丹
曹县,曹县
单县,单县
成武县,成武
巨野县,巨野
郓城县,郓城
鄄城县,鄄城
定陶县,定陶
东明县,东明
河南省,河南
郑州市,郑州
中原区,中原
二七区,二七
管城回族区,管城
金水区,金水
上街区,上街
惠济区,惠济
中牟县,中牟
巩义市,巩义
荥阳市,荥阳
新密市,新密
新郑市,新郑
登封市,登封
开封市,开封
龙亭区,龙亭
顺河回族区,顺河
鼓楼区,鼓楼
禹王台区,禹王台
祥符区,祥符
杞县,杞县
通许县,通许
尉氏县,尉氏
兰考县,兰考
洛阳市,洛阳
老城区,老城
西工区,西工
瀍河回族区,瀍河
涧西区,涧西
吉利区,吉利
洛龙区,洛龙
孟津县,孟津
新安县,新安
栾川县,栾川
嵩县,嵩县
汝阳县,汝阳
宜阳县,宜阳
洛宁县,洛宁
伊川县,伊川
偃师市,偃师
平顶山市,平顶山
新华区,新华
卫东区,卫东
石龙区,石龙
湛河区,湛河
宝丰县,宝丰
叶县,叶县
鲁山县,鲁山
郏县,郏县
舞钢市,舞钢
汝州市,汝州
安阳市,安阳
文峰区,文峰
北关区,北关
殷都区,殷都
龙安区,龙安
安阳县,安阳
汤阴县,汤阴
滑县,滑县
内黄县,内黄
林州市,林州
鹤壁市,鹤壁
鹤山区,鹤山
山城区,山城
淇滨区,淇滨
浚县,浚县
淇县,淇县
新乡市,新乡
红旗区,红旗
卫滨区,卫滨
凤泉区,凤泉
牧野区,牧野
新乡县,新乡
获嘉县,获嘉
原阳县,原阳
延津县,延津
封丘县,封丘
长垣县,长垣
卫辉市,卫辉
辉县市,辉县
焦作市,焦作
解放区,解放
中站区,中站
马村区,马村
山阳区,山阳
修武县,修武
博爱县,博爱
武陟县,武陟
温县,温县
沁阳市,沁阳
孟州市,孟州
濮阳市,濮阳
华龙区,华龙
清丰县,清丰
南乐县,南乐
范县,范县
台前县,台前
濮阳县,濮阳
许昌市,许昌
魏都区,魏都
许昌县,许昌
鄢陵县,鄢陵
襄城县,襄城
禹州市,禹州
长葛市,长葛
漯河市,漯河
源汇区,源汇
郾城区,郾城
召陵区,召陵
舞阳县,舞阳
临颍县,临颍
三门峡市,三门峡
湖滨区,湖滨
渑池县,渑池
陕县,陕县
卢氏县,卢氏
义马市,义马
灵宝市,灵宝
南阳市,南阳
宛城区,宛城
卧龙区,卧龙
南召县,南召
方城县,方城
西峡县,西峡
镇平县,镇平
内乡县,内乡
淅川县,淅川
社旗县,社旗
唐河县,唐河
新野县,新野
桐柏县,桐柏
邓州市,邓州
商丘市,商丘
梁园区,梁园
睢阳区,睢阳
民权县,民权
睢县,睢县
宁陵县,宁陵
柘城县,柘城
虞城县,虞城
夏邑县,夏邑
永城市,永城
信阳市,信阳
浉河区,浉河
平桥区,平桥
罗山县,罗山
光山县,光山
新县,新县
商城县,商城
固始县,固始
潢川县,潢川
淮滨县,淮滨
息县,息县
周口市,周口
川汇区,川汇
扶沟县,扶沟
西华县,西华
商水县,商水
沈丘县,沈丘
郸城县,郸城
淮阳县,淮阳
太康县,太康
鹿邑县,鹿邑
项城市,项城
驻马店市,驻马店
驿城区,驿城
西平县,西平
上蔡县,上蔡
平舆县,平舆
正阳县,正阳
确山县,确山
泌阳县,泌阳
汝南县,汝南
遂平县,遂平
新蔡县,新蔡
直辖县级, 
济源市,济源
湖北省,湖北
武汉市,武汉
江岸区,江岸
江汉区,江汉
硚口区,硚口
汉阳区,汉阳
武昌区,武昌
青山区,青山
洪山区,洪山
东西湖区,东西湖
汉南区,汉南
蔡甸区,蔡甸
江夏区,江夏
黄陂区,黄陂
新洲区,新洲
黄石市,黄石
黄石港区,黄石港
西塞山区,西塞山
下陆区,下陆
铁山区,铁山
阳新县,阳新
大冶市,大冶
十堰市,十堰
茅箭区,茅箭
张湾区,张湾
郧阳区,郧阳
郧西县,郧西
竹山县,竹山
竹溪县,竹溪
房县,房县
丹江口市,丹江口
宜昌市,宜昌
西陵区,西陵
伍家岗区,伍家岗
点军区,点军
猇亭区,猇亭
夷陵区,夷陵
远安县,远安
兴山县,兴山
秭归县,秭归
长阳土家族自治县,长阳
五峰土家族自治县,五峰
宜都市,宜都
当阳市,当阳
枝江市,枝江
襄阳市,襄阳
襄城区,襄城
樊城区,樊城
襄州区,襄州
南漳县,南漳
谷城县,谷城
保康县,保康
老河口市,老河口
枣阳市,枣阳
宜城市,宜城
鄂州市,鄂州
梁子湖区,梁子湖
华容区,华容
鄂城区,鄂城
荆门市,荆门
东宝区,东宝
掇刀区,掇刀
京山县,京山
沙洋县,沙洋
钟祥市,钟祥
孝感市,孝感
孝南区,孝南
孝昌县,孝昌
大悟县,大悟
云梦县,云梦
应城市,应城
安陆市,安陆
汉川市,汉川
荆州市,荆州
沙市区,沙市
荆州区,荆州
公安县,公安
监利县,监利
江陵县,江陵
石首市,石首
洪湖市,洪湖
松滋市,松滋
黄冈市,黄冈
黄州区,黄州
团风县,团风
红安县,红安
罗田县,罗田
英山县,英山
浠水县,浠水
蕲春县,蕲春
黄梅县,黄梅
麻城市,麻城
武穴市,武穴
咸宁市,咸宁
咸安区,咸安
嘉鱼县,嘉鱼
通城县,通城
崇阳县,崇阳
通山县,通山
赤壁市,赤壁
随州市,随州
曾都区,曾都
随县,随县
广水市,广水
恩施土家族苗族自治州,恩施
恩施市,恩施
利川市,利川
建始县,建始
巴东县,巴东
宣恩县,宣恩
咸丰县,咸丰
来凤县,来凤
鹤峰县,鹤峰
直辖县级, 
仙桃市,仙桃
潜江市,潜江
天门市,天门
神农架林区,神农架
湖南省,湖南
长沙市,长沙
芙蓉区,芙蓉
天心区,天心
岳麓区,岳麓
开福区,开福
雨花区,雨花
望城区,望城
长沙县,长沙
宁乡县,宁乡
浏阳市,浏阳
株洲市,株洲
荷塘区,荷塘
芦淞区,芦淞
石峰区,石峰
天元区,天元
株洲县,株洲
攸县,攸县
茶陵县,茶陵
炎陵县,炎陵
醴陵市,醴陵
湘潭市,湘潭
雨湖区,雨湖
岳塘区,岳塘
湘潭县,湘潭
湘乡市,湘乡
韶山市,韶山
衡阳市,衡阳
珠晖区,珠晖
雁峰区,雁峰
石鼓区,石鼓
蒸湘区,蒸湘
南岳区,南岳
衡阳县,衡阳
衡南县,衡南
衡山县,衡山
衡东县,衡东
祁东县,祁东
耒阳市,耒阳
常宁市,常宁
邵阳市,邵阳
双清区,双清
大祥区,大祥
北塔区,北塔
邵东县,邵东
新邵县,新邵
邵阳县,邵阳
隆回县,隆回
洞口县,洞口
绥宁县,绥宁
新宁县,新宁
城步苗族自治县,城步
武冈市,武冈
岳阳市,岳阳
岳阳楼区,岳阳楼
云溪区,云溪
君山区,君山
岳阳县,岳阳
华容县,华容
湘阴县,湘阴
平江县,平江
汨罗市,汨罗
临湘市,临湘
常德市,常德
武陵区,武陵
鼎城区,鼎城
安乡县,安乡
汉寿县,汉寿
澧县,澧县
临澧县,临澧
桃源县,桃源
石门县,石门
津市市,津市
张家界市,张家界
永定区,永定
武陵源区,武陵源
慈利县,慈利
桑植县,桑植
益阳市,益阳
资阳区,资阳
赫山区,赫山
南县,南县
桃江县,桃江
安化县,安化
沅江市,沅江
郴州市,郴州
北湖区,北湖
苏仙区,苏仙
桂阳县,桂阳
宜章县,宜章
永兴县,永兴
嘉禾县,嘉禾
临武县,临武
汝城县,汝城
桂东县,桂东
安仁县,安仁
资兴市,资兴
永州市,永州
零陵区,零陵
冷水滩区,冷水滩
祁阳县,祁阳
东安县,东安
双牌县,双牌
道县,道县
江永县,江永
宁远县,宁远
蓝山县,蓝山
新田县,新田
江华瑶族自治县,江华
怀化市,怀化
鹤城区,鹤城
中方县,中方
沅陵县,沅陵
辰溪县,辰溪
溆浦县,溆浦
会同县,会同
麻阳苗族自治县,麻阳
新晃侗族自治县,新晃
芷江侗族自治县,芷江
靖州苗族侗族自治县,靖州
通道侗族自治县,通道
洪江市,洪江
娄底市,娄底
娄星区,娄星
双峰县,双峰
新化县,新化
冷水江市,冷水江
涟源市,涟源
湘西土家族苗族自治州,湘西
吉首市,吉首
泸溪县,泸溪
凤凰县,凤凰
花垣县,花垣
保靖县,保靖
古丈县,古丈
永顺县,永顺
龙山县,龙山
广东省,广东
广州市,广州
荔湾区,荔湾
越秀区,越秀
海珠区,海珠
天河区,天河
白云区,白云
黄埔区,黄埔
番禺区,番禺
花都区,花都
南沙区,南沙
从化区,从化
增城区,增城
韶关市,韶关
武江区,武江
浈江区,浈江
曲江区,曲江
始兴县,始兴
仁化县,仁化
翁源县,翁源
乳源瑶族自治县,乳源
新丰县,新丰
乐昌市,乐昌
南雄市,南雄
深圳市,深圳
罗湖区,罗湖
福田区,福田
南山区,南山
宝安区,宝安
龙岗区,龙岗
盐田区,盐田
光明新区,光明新区
坪山新区,坪山新区
大鹏新区,大鹏新区
龙华新区,龙华新区
珠海市,珠海
香洲区,香洲
斗门区,斗门
金湾区,金湾
汕头市,汕头
龙湖区,龙湖
金平区,金平
濠江区,濠江
潮阳区,潮阳
潮南区,潮南
澄海区,澄海
南澳县,南澳
佛山市,佛山
禅城区,禅城
南海区,南海
顺德区,顺德
三水区,三水
高明区,高明
江门市,江门
蓬江区,蓬江
江海区,江海
新会区,新会
台山市,台山
开平市,开平
鹤山市,鹤山
恩平市,恩平
湛江市,湛江
赤坎区,赤坎
霞山区,霞山
坡头区,坡头
麻章区,麻章
遂溪县,遂溪
徐闻县,徐闻
廉江市,廉江
雷州市,雷州
吴川市,吴川
茂名市,茂名
茂南区,茂南
电白区,电白
高州市,高州
化州市,化州
信宜市,信宜
肇庆市,肇庆
端州区,端州
鼎湖区,鼎湖
广宁县,广宁
怀集县,怀集
封开县,封开
德庆县,德庆
高要市,高要
四会市,四会
惠州市,惠州
惠城区,惠城
惠阳区,惠阳
博罗县,博罗
惠东县,惠东
龙门县,龙门
梅州市,梅州
梅江区,梅江
梅县区,梅县
大埔县,大埔
丰顺县,丰顺
五华县,五华
平远县,平远
蕉岭县,蕉岭
兴宁市,兴宁
汕尾市,汕尾
城区,城区
海丰县,海丰
陆河县,陆河
陆丰市,陆丰
河源市,河源
源城区,源城
紫金县,紫金
龙川县,龙川
连平县,连平
和平县,和平
东源县,东源
阳江市,阳江
江城区,江城
阳东区,阳东
阳西县,阳西
阳春市,阳春
清远市,清远
清城区,清城
清新区,清新
佛冈县,佛冈
阳山县,阳山
连山壮族瑶族自治县,连山
连南瑶族自治县,连南
英德市,英德
连州市,连州
东莞市,东莞
莞城区,莞城
南城区,南城
万江区,万江
石碣镇,石碣
石龙镇,石龙
茶山镇,茶山
石排镇,石排
企石镇,企石
横沥镇,横沥
桥头镇,桥头
谢岗镇,谢岗
东坑镇,东坑
常平镇,常平
寮步镇,寮步
大朗镇,大朗
麻涌镇,麻涌
中堂镇,中堂
高埗镇,高埗
樟木头镇,樟木头
大岭山镇,大岭山
望牛墩镇,望牛墩
黄江镇,黄江
洪梅镇,洪梅
清溪镇,清溪
沙田镇,沙田
道滘镇,道滘
塘厦镇,塘厦
虎门镇,虎门
厚街镇,厚街
凤岗镇,凤岗
长安镇,长安
中山市,中山
石岐区,石岐
南区,南区
五桂山区,五桂山
火炬开发区,火炬
黄圃镇,黄圃
南头镇,南头
东凤镇,东凤
阜沙镇,阜沙
小榄镇,小榄
东升镇,东升
古镇镇,古镇
横栏镇,横栏
三角镇,三角
民众镇,民众
南朗镇,南朗
港口镇,港口
大涌镇,大涌
沙溪镇,沙溪
三乡镇,三乡
板芙镇,板芙
神湾镇,神湾
坦洲镇,坦洲
潮州市,潮州
湘桥区,湘桥
潮安区,潮安
饶平县,饶平
揭阳市,揭阳
榕城区,榕城
揭东区,揭东
揭西县,揭西
惠来县,惠来
普宁市,普宁
云浮市,云浮
云城区,云城
云安区,云安
新兴县,新兴
郁南县,郁南
罗定市,罗定
广西壮族自治区,广西
南宁市,南宁
兴宁区,兴宁
青秀区,青秀
江南区,江南
西乡塘区,西乡塘
良庆区,良庆
邕宁区,邕宁
武鸣县,武鸣
隆安县,隆安
马山县,马山
上林县,上林
宾阳县,宾阳
横县,横县
埌东新区,埌东
柳州市,柳州
城中区,城中
鱼峰区,鱼峰
柳南区,柳南
柳北区,柳北
柳江县,柳江
柳城县,柳城
鹿寨县,鹿寨
融安县,融安
融水苗族自治县,融水
三江侗族自治县,三江
柳东新区,柳东
桂林市,桂林
秀峰区,秀峰
叠彩区,叠彩
象山区,象山
七星区,七星
雁山区,雁山
临桂区,临桂
阳朔县,阳朔
灵川县,灵川
全州县,全州
兴安县,兴安
永福县,永福
灌阳县,灌阳
龙胜各族自治县,龙胜
资源县,资源
平乐县,平乐
荔浦县,荔浦
恭城瑶族自治县,恭城
梧州市,梧州
万秀区,万秀
长洲区,长洲
龙圩区,龙圩
苍梧县,苍梧
藤县,藤县
蒙山县,蒙山
岑溪市,岑溪
北海市,北海
海城区,海城
银海区,银海
铁山港区,铁山港
合浦县,合浦
防城港市,防城港
港口区,港口
防城区,防城
上思县,上思
东兴市,东兴
钦州市,钦州
钦南区,钦南
钦北区,钦北
灵山县,灵山
浦北县,浦北
贵港市,贵港
港北区,港北
港南区,港南
覃塘区,覃塘
平南县,平南
桂平市,桂平
玉林市,玉林
玉州区,玉州
福绵区,福绵
玉东新区,玉东
容县,容县
陆川县,陆川
博白县,博白
兴业县,兴业
北流市,北流
百色市,百色
右江区,右江
田阳县,田阳
田东县,田东
平果县,平果
德保县,德保
靖西县,靖西
那坡县,那坡
凌云县,凌云
乐业县,乐业
田林县,田林
西林县,西林
隆林各族自治县,隆林
贺州市,贺州
八步区,八步
昭平县,昭平
钟山县,钟山
富川瑶族自治县,富川
平桂管理区,平桂
河池市,河池
金城江区,金城江
南丹县,南丹
天峨县,天峨
凤山县,凤山
东兰县,东兰
罗城仫佬族自治县,罗城
环江毛南族自治县,环江
巴马瑶族自治县,巴马
都安瑶族自治县,都安
大化瑶族自治县,大化
宜州市,宜州
来宾市,来宾
兴宾区,兴宾
忻城县,忻城
象州县,象州
武宣县,武宣
金秀瑶族自治县,金秀
合山市,合山
崇左市,崇左
江州区,江州
扶绥县,扶绥
宁明县,宁明
龙州县,龙州
大新县,大新
天等县,天等
凭祥市,凭祥
海南省,海南
海口市,海口
秀英区,秀英
龙华区,龙华
琼山区,琼山
美兰区,美兰
三亚市,三亚
海棠区,海棠
吉阳区,吉阳
天涯区,天涯
崖州区,崖州
三沙市,三沙
西沙群岛,西沙
南沙群岛,南沙
中沙群岛,中沙
直辖县级, 
五指山市,五指山
琼海市,琼海
儋州市,儋州
文昌市,文昌
万宁市,万宁
东方市,东方
定安县,定安
屯昌县,屯昌
澄迈县,澄迈
临高县,临高
白沙黎族自治县,白沙
昌江黎族自治县,昌江
乐东黎族自治县,乐东
陵水黎族自治县,陵水
保亭黎族苗族自治县,保亭
琼中黎族苗族自治县,琼中
重庆,重庆
重庆市,重庆
万州区,万州
涪陵区,涪陵
渝中区,渝中
大渡口区,大渡口
江北区,江北
沙坪坝区,沙坪坝
九龙坡区,九龙坡
南岸区,南岸
北碚区,北碚
綦江区,綦江
大足区,大足
渝北区,渝北
巴南区,巴南
黔江区,黔江
长寿区,长寿
江津区,江津
合川区,合川
永川区,永川
南川区,南川
璧山区,璧山
铜梁区,铜梁
潼南县,潼南
荣昌县,荣昌
梁平县,梁平
城口县,城口
丰都县,丰都
垫江县,垫江
武隆县,武隆
忠县,忠县
开县,开县
云阳县,云阳
奉节县,奉节
巫山县,巫山
巫溪县,巫溪
石柱土家族自治县,石柱
秀山土家族苗族自治县,秀山
酉阳土家族苗族自治县,酉阳
彭水苗族土家族自治县,彭水
两江新区,两江新区
北部新区,北部新区
保税港区,保税港区
工业园区,工业园区
四川省,四川
成都市,成都
锦江区,锦江
青羊区,青羊
金牛区,金牛
武侯区,武侯
成华区,成华
龙泉驿区,龙泉驿
青白江区,青白江
新都区,新都
温江区,温江
金堂县,金堂
双流县,双流
郫县,郫县
大邑县,大邑
蒲江县,蒲江
新津县,新津
都江堰市,都江堰
彭州市,彭州
邛崃市,邛崃
崇州市,崇州
自贡市,自贡
自流井区,自流井
贡井区,贡井
大安区,大安
沿滩区,沿滩
荣县,荣县
富顺县,富顺
攀枝花市,攀枝花
东区,东区
西区,西区
仁和区,仁和
米易县,米易
盐边县,盐边
泸州市,泸州
江阳区,江阳
纳溪区,纳溪
龙马潭区,龙马潭
泸县,泸县
合江县,合江
叙永县,叙永
古蔺县,古蔺
德阳市,德阳
旌阳区,旌阳
中江县,中江
罗江县,罗江
广汉市,广汉
什邡市,什邡
绵竹市,绵竹
绵阳市,绵阳
涪城区,涪城
游仙区,游仙
三台县,三台
盐亭县,盐亭
安县,安县
梓潼县,梓潼
北川羌族自治县,北川
平武县,平武
江油市,江油
广元市,广元
利州区,利州
昭化区,昭化
朝天区,朝天
旺苍县,旺苍
青川县,青川
剑阁县,剑阁
苍溪县,苍溪
遂宁市,遂宁
船山区,船山
安居区,安居
蓬溪县,蓬溪
射洪县,射洪
大英县,大英
内江市,内江
市中区,市中区
东兴区,东兴
威远县,威远
资中县,资中
隆昌县,隆昌
乐山市,乐山
市中区,市中区
沙湾区,沙湾
五通桥区,五通桥
金口河区,金口河
犍为县,犍为
井研县,井研
夹江县,夹江
沐川县,沐川
峨边彝族自治县,峨边
马边彝族自治县,马边
峨眉山市,峨眉山
南充市,南充
顺庆区,顺庆
高坪区,高坪
嘉陵区,嘉陵
南部县,南部
营山县,营山
蓬安县,蓬安
仪陇县,仪陇
西充县,西充
阆中市,阆中
眉山市,眉山
东坡区,东坡
彭山区,彭山
仁寿县,仁寿
洪雅县,洪雅
丹棱县,丹棱
青神县,青神
宜宾市,宜宾
翠屏区,翠屏
南溪区,南溪
宜宾县,宜宾
江安县,江安
长宁县,长宁
高县,高县
珙县,珙县
筠连县,筠连
兴文县,兴文
屏山县,屏山
广安市,广安
广安区,广安
前锋区,前锋
岳池县,岳池
武胜县,武胜
邻水县,邻水
华蓥市,华蓥
达州市,达州
通川区,通川
达川区,达川
宣汉县,宣汉
开江县,开江
大竹县,大竹
渠县,渠县
万源市,万源
雅安市,雅安
雨城区,雨城
名山区,名山
荥经县,荥经
汉源县,汉源
石棉县,石棉
天全县,天全
芦山县,芦山
宝兴县,宝兴
巴中市,巴中
巴州区,巴州
恩阳区,恩阳
通江县,通江
南江县,南江
平昌县,平昌
资阳市,资阳
雁江区,雁江
安岳县,安岳
乐至县,乐至
简阳市,简阳
阿坝藏族羌族自治州,阿坝
汶川县,汶川
理县,理县
茂县,茂县
松潘县,松潘
九寨沟县,九寨沟
金川县,金川
小金县,小金
黑水县,黑水
马尔康县,马尔康
壤塘县,壤塘
阿坝县,阿坝
若尔盖县,若尔盖
红原县,红原
甘孜藏族自治州,甘孜
康定县,康定
泸定县,泸定
丹巴县,丹巴
九龙县,九龙
雅江县,雅江
道孚县,道孚
炉霍县,炉霍
甘孜县,甘孜
新龙县,新龙
德格县,德格
白玉县,白玉
石渠县,石渠
色达县,色达
理塘县,理塘
巴塘县,巴塘
乡城县,乡城
稻城县,稻城
得荣县,得荣
凉山彝族自治州,凉山
西昌市,西昌
木里藏族自治县,木里
盐源县,盐源
德昌县,德昌
会理县,会理
会东县,会东
宁南县,宁南
普格县,普格
布拖县,布拖
金阳县,金阳
昭觉县,昭觉
喜德县,喜德
冕宁县,冕宁
越西县,越西
甘洛县,甘洛
美姑县,美姑
雷波县,雷波
贵州省,贵州
贵阳市,贵阳
南明区,南明
云岩区,云岩
花溪区,花溪
乌当区,乌当
白云区,白云
观山湖区,观山湖
开阳县,开阳
息烽县,息烽
修文县,修文
清镇市,清镇
六盘水市,六盘水
钟山区,钟山
六枝特区,六枝
水城县,水城
盘县,盘县
遵义市,遵义
红花岗区,红花岗
汇川区,汇川
遵义县,遵义
桐梓县,桐梓
绥阳县,绥阳
正安县,正安
道真仡佬族苗族自治县,道真
务川仡佬族苗族自治县,务川
凤冈县,凤冈
湄潭县,湄潭
余庆县,余庆
习水县,习水
赤水市,赤水
仁怀市,仁怀
安顺市,安顺
西秀区,西秀
平坝区,平坝
普定县,普定
镇宁布依族苗族自治县,镇宁
关岭布依族苗族自治县,关岭
紫云苗族布依族自治县,紫云
毕节市,毕节
七星关区,七星关
大方县,大方
黔西县,黔西
金沙县,金沙
织金县,织金
纳雍县,纳雍
威宁彝族回族苗族自治县,威宁
赫章县,赫章
铜仁市,铜仁
碧江区,碧江
万山区,万山
江口县,江口
玉屏侗族自治县,玉屏
石阡县,石阡
思南县,思南
印江土家族苗族自治县,印江
德江县,德江
沿河土家族自治县,沿河
松桃苗族自治县,松桃
黔西南布依族苗族自治州,黔西南
兴义市 ,兴义
兴仁县,兴仁
普安县,普安
晴隆县,晴隆
贞丰县,贞丰
望谟县,望谟
册亨县,册亨
安龙县,安龙
黔东南苗族侗族自治州,黔东南
凯里市,凯里
黄平县,黄平
施秉县,施秉
三穗县,三穗
镇远县,镇远
岑巩县,岑巩
天柱县,天柱
锦屏县,锦屏
剑河县,剑河
台江县,台江
黎平县,黎平
榕江县,榕江
从江县,从江
雷山县,雷山
麻江县,麻江
丹寨县,丹寨
黔南布依族苗族自治州,黔南
都匀市,都匀
福泉市,福泉
荔波县,荔波
贵定县,贵定
瓮安县,瓮安
独山县,独山
平塘县,平塘
罗甸县,罗甸
长顺县,长顺
龙里县,龙里
惠水县,惠水
三都水族自治县,三都
云南省,云南
昆明市,昆明
五华区,五华
盘龙区,盘龙
官渡区,官渡
西山区,西山
东川区,东川
呈贡区,呈贡
晋宁县,晋宁
富民县,富民
宜良县,宜良
石林彝族自治县,石林
嵩明县,嵩明
禄劝彝族苗族自治县,禄劝
寻甸回族彝族自治县 ,寻甸
安宁市,安宁
曲靖市,曲靖
麒麟区,麒麟
马龙县,马龙
陆良县,陆良
师宗县,师宗
罗平县,罗平
富源县,富源
会泽县,会泽
沾益县,沾益
宣威市,宣威
玉溪市,玉溪
红塔区,红塔
江川县,江川
澄江县,澄江
通海县,通海
华宁县,华宁
易门县,易门
峨山彝族自治县,峨山
新平彝族傣族自治县,新平
元江哈尼族彝族傣族自治县,元江
保山市,保山
隆阳区,隆阳
施甸县,施甸
腾冲县,腾冲
龙陵县,龙陵
昌宁县,昌宁
昭通市,昭通
昭阳区,昭阳
鲁甸县,鲁甸
巧家县,巧家
盐津县,盐津
大关县,大关
永善县,永善
绥江县,绥江
镇雄县,镇雄
彝良县,彝良
威信县,威信
水富县,水富
丽江市,丽江
古城区,古城
玉龙纳西族自治县,玉龙
永胜县,永胜
华坪县,华坪
宁蒗彝族自治县,宁蒗
普洱市,普洱
思茅区,思茅
宁洱哈尼族彝族自治县,宁洱
墨江哈尼族自治县,墨江
景东彝族自治县,景东
景谷傣族彝族自治县,景谷
镇沅彝族哈尼族拉祜族自治县,镇沅
江城哈尼族彝族自治县,江城
孟连傣族拉祜族佤族自治县,孟连
澜沧拉祜族自治县,澜沧
西盟佤族自治县,西盟
临沧市,临沧
临翔区,临翔
凤庆县,凤庆
云县,云县
永德县,永德
镇康县,镇康
双江拉祜族佤族布朗族傣族自治县,双江
耿马傣族佤族自治县,耿马
沧源佤族自治县,沧源
楚雄彝族自治州,楚雄
楚雄市,楚雄
双柏县,双柏
牟定县,牟定
南华县,南华
姚安县,姚安
大姚县,大姚
永仁县,永仁
元谋县,元谋
武定县,武定
禄丰县,禄丰
红河哈尼族彝族自治州,红河
个旧市,个旧
开远市,开远
蒙自市,蒙自
弥勒市,弥勒
屏边苗族自治县,屏边
建水县,建水
石屏县,石屏
泸西县,泸西
元阳县,元阳
红河县,红河县
金平苗族瑶族傣族自治县,金平
绿春县,绿春
河口瑶族自治县,河口
文山壮族苗族自治州,文山
文山市,文山
砚山县,砚山
西畴县,西畴
麻栗坡县,麻栗坡
马关县,马关
丘北县,丘北
广南县,广南
富宁县,富宁
西双版纳傣族自治州,西双版纳
景洪市,景洪
勐海县,勐海
勐腊县,勐腊
大理白族自治州,大理
大理市,大理
漾濞彝族自治县,漾濞
祥云县,祥云
宾川县,宾川
弥渡县,弥渡
南涧彝族自治县,南涧
巍山彝族回族自治县,巍山
永平县,永平
云龙县,云龙
洱源县,洱源
剑川县,剑川
鹤庆县,鹤庆
德宏傣族景颇族自治州,德宏
瑞丽市,瑞丽
芒市,芒市
梁河县,梁河
盈江县,盈江
陇川县,陇川
怒江傈僳族自治州,怒江
泸水县,泸水
福贡县,福贡
贡山独龙族怒族自治县,贡山
兰坪白族普米族自治县,兰坪
迪庆藏族自治州,迪庆
香格里拉市,香格里拉
德钦县,德钦
维西傈僳族自治县,维西
西藏自治区,西藏
拉萨市,拉萨
城关区,城关
林周县,林周
当雄县,当雄
尼木县,尼木
曲水县,曲水
堆龙德庆县,堆龙德庆
达孜县,达孜
墨竹工卡县,墨竹工卡
日喀则市,日喀则
桑珠孜区,桑珠孜
南木林县,南木林
江孜县,江孜
定日县,定日
萨迦县,萨迦
拉孜县,拉孜
昂仁县,昂仁
谢通门县,谢通门
白朗县,白朗
仁布县,仁布
康马县,康马
定结县,定结
仲巴县,仲巴
亚东县,亚东
吉隆县,吉隆
聂拉木县,聂拉木
萨嘎县,萨嘎
岗巴县,岗巴
昌都市,昌都
卡若区,昌都
江达县,江达
贡觉县,贡觉
类乌齐县,类乌齐
丁青县,丁青
察雅县,察雅
八宿县,八宿
左贡县,左贡
芒康县,芒康
洛隆县,洛隆
边坝县,边坝
山南地区,山南
乃东县,乃东
扎囊县,扎囊
贡嘎县,贡嘎
桑日县,桑日
琼结县,琼结
曲松县,曲松
措美县,措美
洛扎县,洛扎
加查县,加查
隆子县,隆子
错那县,错那
浪卡子县,浪卡子
那曲地区,那曲
那曲县,那曲
嘉黎县,嘉黎
比如县,比如
聂荣县,聂荣
安多县,安多
申扎县,申扎
索县,索县
班戈县,班戈
巴青县,巴青
尼玛县,尼玛
双湖县,双湖
阿里地区,阿里
普兰县,普兰
札达县,札达
噶尔县,噶尔
日土县,日土
革吉县,革吉
改则县,改则
措勤县,措勤
林芝地区,林芝
林芝县,林芝
工布江达县,工布江达
米林县,米林
墨脱县,墨脱
波密县,波密
察隅县,察隅
朗县,朗县
陕西省,陕西
西安市,西安
新城区,新城
碑林区,碑林
莲湖区,莲湖
灞桥区,灞桥
未央区,未央
雁塔区,雁塔
阎良区,阎良
临潼区,临潼
长安区,长安
蓝田县,蓝田
周至县,周至
户县,户县
高陵区,高陵
铜川市,铜川
王益区,王益
印台区,印台
耀州区,耀州
宜君县,宜君
宝鸡市,宝鸡
渭滨区,渭滨
金台区,金台
陈仓区,陈仓
凤翔县,凤翔
岐山县,岐山
扶风县,扶风
眉县,眉县
陇县,陇县
千阳县,千阳
麟游县,麟游
凤县,凤县
太白县,太白
咸阳市,咸阳
秦都区,秦都
杨陵区,杨陵
渭城区,渭城
三原县,三原
泾阳县,泾阳
乾县,乾县
礼泉县,礼泉
永寿县,永寿
彬县,彬县
长武县,长武
旬邑县,旬邑
淳化县,淳化
武功县,武功
兴平市,兴平
渭南市,渭南
临渭区,临渭
华县,华县
潼关县,潼关
大荔县,大荔
合阳县,合阳
澄城县,澄城
蒲城县,蒲城
白水县,白水
富平县,富平
韩城市,韩城
华阴市,华阴
延安市,延安
宝塔区,宝塔
延长县,延长
延川县,延川
子长县,子长
安塞县,安塞
志丹县,志丹
吴起县,吴起
甘泉县,甘泉
富县,富县
洛川县,洛川
宜川县,宜川
黄龙县,黄龙
黄陵县,黄陵
汉中市,汉中
汉台区,汉台
南郑县,南郑
城固县,城固
洋县,洋县
西乡县,西乡
勉县,勉县
宁强县,宁强
略阳县,略阳
镇巴县,镇巴
留坝县,留坝
佛坪县,佛坪
榆林市,榆林
榆阳区,榆阳
神木县,神木
府谷县,府谷
横山县,横山
靖边县,靖边
定边县,定边
绥德县,绥德
米脂县,米脂
佳县,佳县
吴堡县,吴堡
清涧县,清涧
子洲县,子洲
安康市,安康
汉滨区,汉滨
汉阴县,汉阴
石泉县,石泉
宁陕县,宁陕
紫阳县,紫阳
岚皋县,岚皋
平利县,平利
镇坪县,镇坪
旬阳县,旬阳
白河县,白河
商洛市,商洛
商州区,商州
洛南县,洛南
丹凤县,丹凤
商南县,商南
山阳县,山阳
镇安县,镇安
柞水县,柞水
西咸新区,西咸
空港新城,空港
沣东新城,沣东
秦汉新城,秦汉
沣西新城,沣西
泾河新城,泾河
甘肃省,甘肃
兰州市,兰州
城关区,城关
七里河区,七里河
西固区,西固
安宁区,安宁
红古区,红古
永登县,永登
皋兰县,皋兰
榆中县,榆中
嘉峪关市,嘉峪关
雄关区,雄关
长城区,长城
镜铁区,镜铁
金昌市,金昌
金川区,金川
永昌县,永昌
白银市,白银
白银区,白银
平川区,平川
靖远县,靖远
会宁县,会宁
景泰县,景泰
天水市,天水
秦州区,秦州
麦积区,麦积
清水县,清水
秦安县,秦安
甘谷县,甘谷
武山县,武山
张家川回族自治县,张家川
武威市,武威
凉州区,凉州
民勤县,民勤
古浪县,古浪
天祝藏族自治县,天祝
张掖市,张掖
甘州区,甘州
肃南裕固族自治县,肃南
民乐县,民乐
临泽县,临泽
高台县,高台
山丹县,山丹
平凉市,平凉
崆峒区,崆峒
泾川县,泾川
灵台县,灵台
崇信县,崇信
华亭县,华亭
庄浪县,庄浪
静宁县,静宁
酒泉市,酒泉
肃州区,肃州
金塔县,金塔
瓜州县,瓜州
肃北蒙古族自治县,肃北
阿克塞哈萨克族自治县,阿克塞
玉门市,玉门
敦煌市,敦煌
庆阳市,庆阳
西峰区,西峰
庆城县,庆城
环县,环县
华池县,华池
合水县,合水
正宁县,正宁
宁县,宁县
镇原县,镇原
定西市,定西
安定区,安定
通渭县,通渭
陇西县,陇西
渭源县,渭源
临洮县,临洮
漳县,漳县
岷县,岷县
陇南市,陇南
武都区,武都
成县,成县
文县,文县
宕昌县,宕昌
康县,康县
西和县,西和
礼县,礼县
徽县,徽县
两当县,两当
临夏回族自治州,临夏
临夏市,临夏
临夏县,临夏
康乐县,康乐
永靖县,永靖
广河县,广河
和政县,和政
东乡族自治县,东乡族
积石山保安族东乡族撒拉族自治县,积石山
甘南藏族自治州,甘南
合作市,合作
临潭县,临潭
卓尼县,卓尼
舟曲县,舟曲
迭部县,迭部
玛曲县,玛曲
碌曲县,碌曲
夏河县,夏河
青海省,青海
西宁市,西宁
城东区,城东
城中区,城中
城西区,城西
城北区,城北
大通回族土族自治县,大通
湟中县,湟中
湟源县,湟源
海东市,海东
乐都区,乐都
平安县,平安
民和回族土族自治县,民和
互助土族自治县,互助
化隆回族自治县,化隆
循化撒拉族自治县,循化
海北藏族自治州,海北
门源回族自治县,门源
祁连县,祁连
海晏县,海晏
刚察县,刚察
黄南藏族自治州,黄南
同仁县,同仁
尖扎县,尖扎
泽库县,泽库
河南蒙古族自治县,河南
海南藏族自治州,海南
共和县,共和
同德县,同德
贵德县,贵德
兴海县,兴海
贵南县,贵南
果洛藏族自治州,果洛
玛沁县,玛沁
班玛县,班玛
甘德县,甘德
达日县,达日
久治县,久治
玛多县,玛多
玉树藏族自治州,玉树
玉树市,玉树
杂多县,杂多
称多县,称多
治多县,治多
囊谦县,囊谦
曲麻莱县,曲麻莱
海西蒙古族藏族自治州,海西
格尔木市,格尔木
德令哈市,德令哈
乌兰县,乌兰
都兰县,都兰
天峻县,天峻
宁夏回族自治区,宁夏
银川市,银川
兴庆区,兴庆
西夏区,西夏
金凤区,金凤
永宁县,永宁
贺兰县,贺兰
灵武市,灵武
石嘴山市,石嘴山
大武口区,大武口
惠农区,惠农
平罗县,平罗
吴忠市,吴忠
利通区,利通
红寺堡区,红寺堡
盐池县,盐池
同心县,同心
青铜峡市,青铜峡
固原市,固原
原州区,原州
西吉县,西吉
隆德县,隆德
泾源县,泾源
彭阳县,彭阳
中卫市,中卫
沙坡头区,沙坡头
中宁县,中宁
海原县,海原
新疆维吾尔自治区,新疆
乌鲁木齐市,乌鲁木齐
天山区,天山
沙依巴克区,沙依巴克
新市区,新市
水磨沟区,水磨沟
头屯河区,头屯河
达坂城区,达坂城
米东区,米东
乌鲁木齐县,乌鲁木齐
克拉玛依市,克拉玛依
独山子区,独山子
克拉玛依区,克拉玛依
白碱滩区,白碱滩
乌尔禾区,乌尔禾
吐鲁番地区,吐鲁番
吐鲁番市,吐鲁番
鄯善县,鄯善
托克逊县,托克逊
哈密地区,哈密
哈密市,哈密
巴里坤哈萨克自治县,巴里坤
伊吾县,伊吾
昌吉回族自治州,昌吉
昌吉市,昌吉
阜康市,阜康
呼图壁县,呼图壁
玛纳斯县,玛纳斯
奇台县,奇台
吉木萨尔县,吉木萨尔
木垒哈萨克自治县,木垒
博尔塔拉蒙古自治州,博尔塔拉
博乐市,博乐
阿拉山口市,阿拉山口
精河县,精河
温泉县,温泉
巴音郭楞蒙古自治州,巴音郭楞
库尔勒市,库尔勒
轮台县,轮台
尉犁县,尉犁
若羌县,若羌
且末县,且末
焉耆回族自治县,焉耆
和静县,和静
和硕县,和硕
博湖县,博湖
阿克苏地区,阿克苏
阿克苏市,阿克苏
温宿县,温宿
库车县,库车
沙雅县,沙雅
新和县,新和
拜城县,拜城
乌什县,乌什
阿瓦提县,阿瓦提
柯坪县,柯坪
克孜勒苏柯尔克孜自治州,克孜勒苏
阿图什市,阿图什
阿克陶县,阿克陶
阿合奇县,阿合奇
乌恰县,乌恰
喀什地区,喀什
喀什市,喀什
疏附县,疏附
疏勒县,疏勒
英吉沙县,英吉沙
泽普县,泽普
莎车县,莎车
叶城县,叶城
麦盖提县,麦盖提
岳普湖县,岳普湖
伽师县,伽师
巴楚县,巴楚
塔什库尔干塔吉克自治县,塔什库尔干塔吉克
和田地区,和田
和田市,和田市
和田县,和田县
墨玉县,墨玉
皮山县,皮山
洛浦县,洛浦
策勒县,策勒
于田县,于田
民丰县,民丰
伊犁哈萨克自治州,伊犁
伊宁市,伊宁
奎屯市,奎屯
霍尔果斯市,霍尔果斯
伊宁县,伊宁
察布查尔锡伯自治县,察布查尔锡伯
霍城县,霍城
巩留县,巩留
新源县,新源
昭苏县,昭苏
特克斯县,特克斯
尼勒克县,尼勒克
塔城地区,塔城
塔城市,塔城
乌苏市,乌苏
额敏县,额敏
沙湾县,沙湾
托里县,托里
裕民县,裕民
和布克赛尔蒙古自治县,和布克赛尔
阿勒泰地区,阿勒泰
阿勒泰市,阿勒泰
布尔津县,布尔津
富蕴县,富蕴
福海县,福海
哈巴河县,哈巴河
青河县,青河
吉木乃县,吉木乃
直辖县级, 
石河子市,石河子
阿拉尔市,阿拉尔
图木舒克市,图木舒克
五家渠市,五家渠
北屯市,北屯
铁门关市,铁门关
双河市,双河
台湾,台湾
台北市,台北
松山区,松山
信义区,信义
大安区,大安
中山区,中山
中正区,中正
大同区,大同
万华区,万华
文山区,文山
南港区,南港
内湖区,内湖
士林区,士林
北投区,北投
高雄市,高雄
盐埕区,盐埕
鼓山区,鼓山
左营区,左营
楠梓区,楠梓
三民区,三民
新兴区,新兴
前金区,前金
苓雅区,苓雅
前镇区,前镇
旗津区,旗津
小港区,小港
凤山区,凤山
林园区,林园
大寮区,大寮
大树区,大树
大社区,大社
仁武区,仁武
鸟松区,鸟松
冈山区,冈山
桥头区,桥头
燕巢区,燕巢
田寮区,田寮
阿莲区,阿莲
路竹区,路竹
湖内区,湖内
茄萣区,茄萣
永安区,永安
弥陀区,弥陀
梓官区,梓官
旗山区,旗山
美浓区,美浓
六龟区,六龟
甲仙区,甲仙
杉林区,杉林
内门区,内门
茂林区,茂林
桃源区,桃源
那玛夏区,那玛夏
基隆市,基隆
中正区,中正
七堵区,七堵
暖暖区,暖暖
仁爱区,仁爱
中山区,中山
安乐区,安乐
信义区,信义
台中市,台中
中区,中区
东区,东区
南区,南区
西区,西区
北区,北区
西屯区,西屯
南屯区,南屯
北屯区,北屯
丰原区,丰原
东势区,东势
大甲区,大甲
清水区,清水
沙鹿区,沙鹿
梧栖区,梧栖
后里区,后里
神冈区,神冈
潭子区,潭子
大雅区,大雅
新社区,新社
石冈区,石冈
外埔区,外埔
大安区,大安
乌日区,乌日
大肚区,大肚
龙井区,龙井
雾峰区,雾峰
太平区,太平
大里区,大里
和平区,和平
台南市,台南
东区,东区
南区,南区
北区,北区
安南区,安南
安平区,安平
中西区,中西
新营区,新营
盐水区,盐水
白河区,白河
柳营区,柳营
后壁区,后壁
东山区,东山
麻豆区,麻豆
下营区,下营
六甲区,六甲
官田区,官田
大内区,大内
佳里区,佳里
学甲区,学甲
西港区,西港
七股区,七股
将军区,将军
北门区,北门
新化区,新化
善化区,善化
新市区,新市
安定区,安定
山上区,山上
玉井区,玉井
楠西区,楠西
南化区,南化
左镇区,左镇
仁德区,仁德
归仁区,归仁
关庙区,关庙
龙崎区,龙崎
永康区,永康
新竹市,新竹
东区,东区
北区,北区
香山区,香山
嘉义市,嘉义
东区,东区
西区,西区
新北市,新北
板桥区,板桥
三重区,三重
中和区,中和
永和区,永和
新庄区,新庄
新店区,新店
树林区,树林
莺歌区,莺歌
三峡区,三峡
淡水区,淡水
汐止区,汐止
瑞芳区,瑞芳
土城区,土城
芦洲区,芦洲
五股区,五股
泰山区,泰山
林口区,林口
深坑区,深坑
石碇区,石碇
坪林区,坪林
三芝区,三芝
石门区,石门
八里区,八里
平溪区,平溪
双溪区,双溪
贡寮区,贡寮
金山区,金山
万里区,万里
乌来区,乌来
宜兰县,宜兰
宜兰市,宜兰
罗东镇,罗东
苏澳镇,苏澳
头城镇,头城
礁溪乡,礁溪
壮围乡,壮围
员山乡,员山
冬山乡,冬山
五结乡,五结
三星乡,三星
大同乡,大同
南澳乡,南澳
桃园县,桃园
桃园市,桃园
中坜市,中坜
平镇市,平镇
八德市,八德
杨梅市,杨梅
芦竹市,芦竹
大溪镇,大溪
大园乡,大园
龟山乡,龟山
龙潭乡,龙潭
新屋乡,新屋
观音乡,观音
复兴乡,复兴
新竹县,新竹
竹北市,竹北
竹东镇,竹东
新埔镇,新埔
关西镇,关西
湖口乡,湖口
新丰乡,新丰
芎林乡,芎林
横山乡,横山
北埔乡,北埔
宝山乡,宝山
峨眉乡,峨眉
尖石乡,尖石
五峰乡,五峰
苗栗县,苗栗
苗栗市,苗栗
苑里镇,苑里
通霄镇,通霄
竹南镇,竹南
头份镇,头份
后龙镇,后龙
卓兰镇,卓兰
大湖乡,大湖
公馆乡,公馆
铜锣乡,铜锣
南庄乡,南庄
头屋乡,头屋
三义乡,三义
西湖乡,西湖
造桥乡,造桥
三湾乡,三湾
狮潭乡,狮潭
泰安乡,泰安
彰化县,彰化
彰化市,彰化市
鹿港镇,鹿港
和美镇,和美
线西乡,线西
伸港乡,伸港
福兴乡,福兴
秀水乡,秀水
花坛乡,花坛
芬园乡,芬园
员林镇,员林
溪湖镇,溪湖
田中镇,田中
大村乡,大村
埔盐乡,埔盐
埔心乡,埔心
永靖乡,永靖
社头乡,社头
二水乡,二水
北斗镇,北斗
二林镇,二林
田尾乡,田尾
埤头乡,埤头
芳苑乡,芳苑
大城乡,大城
竹塘乡,竹塘
溪州乡,溪州
南投县,南投
南投市,南投市
埔里镇,埔里
草屯镇,草屯
竹山镇,竹山
集集镇,集集
名间乡,名间
鹿谷乡,鹿谷
中寮乡,中寮
鱼池乡,鱼池
国姓乡,国姓
水里乡,水里
信义乡,信义
仁爱乡,仁爱
云林县,云林
斗六市,斗六
斗南镇,斗南
虎尾镇,虎尾
西螺镇,西螺
土库镇,土库
北港镇,北港
古坑乡,古坑
大埤乡,大埤
莿桐乡,莿桐
林内乡,林内
二仑乡,二仑
仑背乡,仑背
麦寮乡,麦寮
东势乡,东势
褒忠乡,褒忠
台西乡,台西
元长乡,元长
四湖乡,四湖
口湖乡,口湖
水林乡,水林
嘉义县,嘉义
太保市,太保
朴子市,朴子
布袋镇,布袋
大林镇,大林
民雄乡,民雄
溪口乡,溪口
新港乡,新港
六脚乡,六脚
东石乡,东石
义竹乡,义竹
鹿草乡,鹿草
水上乡,水上
中埔乡,中埔
竹崎乡,竹崎
梅山乡,梅山
番路乡,番路
大埔乡,大埔
阿里山乡,阿里山
屏东县,屏东
屏东市,屏东
潮州镇,潮州
东港镇,东港
恒春镇,恒春
万丹乡,万丹
长治乡,长治
麟洛乡,麟洛
九如乡,九如
里港乡,里港
盐埔乡,盐埔
高树乡,高树
万峦乡,万峦
内埔乡,内埔
竹田乡,竹田
新埤乡,新埤
枋寮乡,枋寮
新园乡,新园
崁顶乡,崁顶
林边乡,林边
南州乡,南州
佳冬乡,佳冬
琉球乡,琉球
车城乡,车城
满州乡,满州
枋山乡,枋山
三地门乡,三地门
雾台乡,雾台
玛家乡,玛家
泰武乡,泰武
来义乡,来义
春日乡,春日
狮子乡,狮子
牡丹乡,牡丹
台东县,台东
台东市,台东
成功镇,成功
关山镇,关山
卑南乡,卑南
鹿野乡,鹿野
池上乡,池上
东河乡,东河
长滨乡,长滨
太麻里乡,太麻里
大武乡,大武
绿岛乡,绿岛
海端乡,海端
延平乡,延平
金峰乡,金峰
达仁乡,达仁
兰屿乡,兰屿
花莲县,花莲
花莲市,花莲
凤林镇,凤林
玉里镇,玉里
新城乡,新城
吉安乡,吉安
寿丰乡,寿丰
光复乡,光复
丰滨乡,丰滨
瑞穗乡,瑞穗
富里乡,富里
秀林乡,秀林
万荣乡,万荣
卓溪乡,卓溪
澎湖县,澎湖
马公市,马公
湖西乡,湖西
白沙乡,白沙
西屿乡,西屿
望安乡,望安
七美乡,七美
金门县,金门
金城镇,金城
金湖镇,金湖
金沙镇,金沙
金宁乡,金宁
烈屿乡,烈屿
乌丘乡,乌丘
连江县,连江
南竿乡,南竿
北竿乡,北竿
莒光乡,莒光
东引乡,东引
香港特别行政区,香港
香港岛,香港岛
中西区,中西区
湾仔区,湾仔区
东区,东区
南区,南区
九龙,九龙
油尖旺区,油尖旺
深水埗区,深水埗
九龙城区,九龙城
黄大仙区,黄大仙
观塘区,观塘
新界,新界
荃湾区,荃湾
屯门区,屯门
元朗区,元朗
北区,北区
大埔区,大埔
西贡区,西贡
沙田区,沙田
葵青区,葵青
离岛区,离岛
澳门特别行政区,澳门
澳门半岛,澳门半岛
花地玛堂区,花地玛堂区
圣安多尼堂区,圣安多尼堂区
大堂区,大堂
望德堂区,望德堂区
风顺堂区,风顺堂区
氹仔岛,氹仔岛
嘉模堂区,嘉模堂区
路环岛,路环岛
圣方济各堂区,圣方济各堂区
钓鱼岛,钓鱼岛
